date,forecast_mwh,total_actual_mwh,total_cost_unhedged_eur,total_cost_coarse_cal_eur,total_cost_granular_eur,price_unhedged_eur_mwh,price_coarse_cal_eur_mwh,price_granular_eur_mwh
2024-01-01,131.75296,134.32253777,2699.1115740903,10690.797112819322,11837.555730631499,20.09425684550406,79.59049382409032,88.12784456842904
2024-01-02,136.10563299999998,137.29223247,8369.4500171365,11196.935570634392,11464.451428229851,60.96084145885912,81.55549202742448,83.5040061770062
2024-01-03,136.262503,138.86763115,7739.0140039303005,11593.315029039752,12030.770364320657,55.72943053641411,83.48464601169049,86.63480657580625
2024-01-04,136.40712299999998,135.49754076,12917.0263758922,11681.612979175366,11288.316940373372,95.3303381259995,86.21273060495189,83.31012413256859
2024-01-05,136.539283,133.32485619,12627.6454112737,10871.20370788063,10410.09701944258,94.71336232516285,81.53921195600752,78.0806919049457
2024-01-06,147.67085699999998,145.49399617,13490.8720647585,12282.419850143606,11868.277937674171,92.72459634001198,84.41874010933358,81.57228648670068
2024-01-07,132.628588,132.10967077,11816.300849176,10860.60685717091,10483.96904534461,89.44311783009373,82.20902220004002,79.35807412310463
2024-01-08,136.86866799999999,138.62686854,14893.5274149539,11681.986292502623,10977.4734820596,107.43608055069394,84.26927922080164,79.18719940566292
2024-01-09,136.95593,138.9657149,16313.650853628102,12174.212507466187,11316.726063453954,117.39335033369517,87.6058711044431,81.43538189687645
2024-01-10,137.032729,134.96052739,15730.638650199,11227.805600578879,10307.034897294296,116.55732942374803,83.193255225904,76.37073666368913
2024-01-11,137.09782900000013,137.28453829,15844.4613420542,11620.504952396728,10745.356792113085,115.4132980990499,84.6454021489992,78.27069913302678
2024-01-12,137.152324,136.07400762,15109.5967181128,11339.027223245364,10537.668717480754,111.03955106773829,83.32985425777059,77.44071701708255
2024-01-13,148.275113,146.80340061,10630.6342308973,10914.399804534474,10721.672196748134,72.41408704924208,74.34705026711079,73.03422231499582
2024-01-14,133.110344,134.79731999,10741.0086582497,10857.571703046646,10640.034692801848,79.68265733359185,80.54738554039591,78.93357741527193
2024-01-15,137.253264,137.89883597,12702.2457917983,11516.368445525537,11144.955912846804,92.11278472692608,83.51316647829378,80.81979687828111
2024-01-16,137.265724,139.53990128,14832.7934502506,11639.763044715855,10929.444064764377,106.29786401014572,83.41530227515047,78.32486596671309
2024-01-17,137.269259,141.60320658,14977.5343956871,11908.860885735241,11213.712331800352,105.77115276853146,84.10022042126019,79.19109039006871
2024-01-18,137.263134,142.83967292,13744.8741459174,11752.5966836849,11248.359682054243,96.22588644273549,82.27823855538482,78.74814785073119
2024-01-19,137.247174,142.46752459,11623.6304625667,11483.05820019921,11284.764272701774,81.58793027405895,80.6012333915797,79.209379858165
2024-01-20,148.304408,148.16935321,11433.582655832699,11812.82978914906,11634.269673073957,77.16563788753209,79.72518967810281,78.52008138676788
2024-01-21,133.066244,133.86591613,6703.7008276112,9549.833077790703,9737.307770564203,50.07772718711383,71.33879447339426,72.73926068759803
2024-01-22,137.14343399999998,136.21391494,7801.9140683933,11222.248811674082,11600.02789036075,57.27692410742262,82.38694862134533,85.16037363341604
2024-01-23,137.090934,135.48425185,8230.6961583247,11248.056887702947,11553.200424608027,60.750205621220324,83.02113887122556,85.27338245480394
2024-01-24,137.029159,136.63787092,5537.3159373567,11050.526424934096,11768.170523294593,40.525484626430824,80.87455074152948,86.12671175317661
2024-01-25,136.958669,134.00292322,11530.7806018781,11305.568095856153,11082.612222355594,86.04872434720978,84.36807066734788,82.7042571613207
2024-01-26,136.880164,136.06699063,8140.4104931017,10674.544787188917,10929.988702577773,59.826490285491076,78.45065682547254,80.3279961728494
2024-01-27,147.819623,148.53467741,10597.5804788927,11536.892400170867,11441.4343329926,71.34751738572278,77.67137345527472,77.02870826191536
2024-01-28,132.552374,130.24524999,7710.8284980086,9606.229689137817,9652.635525851892,59.20237781109579,73.7549330196331,74.11122882863678
2024-01-29,136.594424,137.20940988,12064.0741627554,11506.994216338944,11233.565896744269,87.92453938331448,83.86446838014011,81.87168727399141
2024-01-30,136.48305399999998,138.17109419,11144.7756218218,11186.457624524526,11026.284683570677,80.65924126284,80.9609107469465,79.80167449791169
2024-01-31,136.364229,139.88052336,10928.409845812701,11155.904650044526,11021.438039591127,78.12674404775476,79.75309487035169,78.79179870685842
2024-02-01,136.237494,139.6488617,10854.6928531143,11536.572845677083,9168.787090361859,77.72847355127637,82.61129167282775,65.65601021552658
2024-02-02,136.103549,139.31313795,8791.405796648,10879.002528773966,8701.074550157105,63.10536052818843,78.09028415308886,62.456956165038456
2024-02-03,146.881203,151.20503286,6351.8644966942,10704.093179494963,9207.483119492385,42.00828753217071,70.79191067274745,60.89402545229793
2024-02-04,131.622984,134.481292,2408.0517992538003,8994.171268605804,7772.788704419078,17.90622147840311,66.88046444858519,57.79828992436419
2024-02-05,135.657194,136.43977313,5948.0294828604,11257.798943823595,9503.581837904367,43.59454245935392,82.51112330051406,69.6540430981906
2024-02-06,135.494759,138.13189315,7164.4453034059,11266.968859089595,9352.751361213535,51.86669884865688,81.56674466811646,67.70884802872577
2024-02-07,135.325184,140.22118069,12308.2833840605,11962.573899250416,9453.411158103234,87.7776333325246,85.3121749537767,67.41785450375552
2024-02-08,135.14934399999999,139.0772602,12824.9604359026,11349.04518553822,8693.960566516194,92.21464686218056,81.6024501001654,62.51173307565771
2024-02-09,134.96716899999998,134.69604331,10019.2012323751,10923.58801467111,8586.553496130407,74.38378282067372,81.09806157802802,63.74762973822952
2024-02-10,145.544413,142.46575599,10571.8933819522,11112.8969937867,9146.723274455879,74.20655797940852,78.00398710948294,64.2029602896145
2024-02-11,130.330644,130.99070431,8578.465848415899,10191.023780881846,8356.87138241128,65.48911919821631,77.79959528092903,63.797438348251596
2024-02-12,134.381479,138.70647614,10888.4874382592,11256.943551880588,8849.092498747863,78.50020951631106,81.15658233952009,63.79725550677422
2024-02-13,134.174524,137.013997,10150.191858488999,10912.529680449768,8560.033295329173,74.0814229256373,79.64536411889195,62.4756118554017
2024-02-14,133.96228399999998,136.44359397,9710.84874491,10973.766839936794,8686.800998076122,71.17115917545483,80.42713124626142,63.66587646457113
2024-02-15,133.743569,137.33166366,9962.2989212885,10914.573752623759,8585.902202743764,72.54189351374016,79.47601785153935,62.519465459913036
2024-02-16,133.519499,136.54598548,8703.6580185091,10936.42857171688,8780.756232574588,63.7415885052434,80.09337318319584,64.30622036750184
2024-02-17,143.864133,150.82435622,10620.3683483813,11738.345856032478,9843.258459028944,70.41547276946368,77.8279195099652,65.26305635060078
2024-02-18,128.725089,133.18134064,6902.308264239599,9440.035955050547,7719.869503129753,51.826391227710346,70.8810701986229,57.965098309058085
2024-02-19,132.81526399999998,131.43699506,9197.8909601791,10754.250955719912,8502.923635682972,69.97946777450544,81.8205783752944,64.69201180231983
2024-02-20,132.570789,130.61581101,8555.707997482901,10502.261665776658,8308.217041300593,65.50285092842147,80.40574555688822,63.608050028985495
2024-02-21,132.320749,131.72221563,7899.4037833593,10476.885792236752,8362.419128304316,59.97017090532598,79.5377282573633,63.485260161382826
2024-02-22,132.06633399999998,130.59702229,7157.7714667756,10383.310506224212,8345.880005147794,54.808075569144734,79.50648739270126,63.905591864224675
2024-02-23,131.806739,131.50222107,6947.8704283775,11184.804555004615,9285.567614264972,52.83462417474361,85.05411136022431,70.61148883045989
2024-02-24,141.891428,142.11694592999999,8094.9168037962,10209.565440150114,8437.273347445367,56.95954659610663,71.83918408420385,59.36852422652795
2024-02-25,126.854269,129.02157284,8025.7558298718,9729.798623796689,7906.917657876001,62.2047588880703,75.41218425435441,61.283686780670315
2024-02-26,131.002334,128.08234935,8860.9701862949,10388.774297207676,8137.916865019881,69.18182115852095,81.11011665486504,63.536598964015504
2024-02-27,130.726429,126.46551025,9725.4724731256,10235.006313126387,7846.917204674532,76.9021724096954,80.93120640476273,62.04788316721738
2024-02-28,130.44621899999999,126.9002431,9470.1640991713,10253.73415782925,7902.698712088126,74.62683969571765,80.80153282093477,62.27489025265804
2024-02-29,130.161494,128.42063407,8523.145742715,10438.013196877735,8238.26275697088,66.36897414841583,81.27987587406042,64.15061579964117
2024-03-01,129.873304,129.63639604,9565.677093947499,10472.115349772592,8654.184749177048,73.7885145387408,80.78067324967415,66.75736917668364
2024-03-02,139.675893,138.45619469,9388.1354227531,10762.780011712997,9302.326549276488,67.80581716674291,77.73418903943299,67.186062495103
2024-03-03,124.76550399999999,120.86312297,7479.1075287348,9248.678605567391,7811.5064548797045,61.880806526828074,76.5219231333535,64.63101616875012
2024-03-04,128.988084,128.45124054,10095.3085618719,10402.281428890768,8550.10998086739,78.59253456355837,80.98233528271356,66.56307829276952
2024-03-05,128.686349,130.84838746,10264.3326327805,10715.07053106705,8871.269788626152,78.4444717434388,81.88920581342752,67.79808265759542
2024-03-06,128.381044,130.8431823,11310.6834376859,10711.579603248716,8808.2226389177,86.44457616257398,81.86578326021589,67.31892700929592
2024-03-07,128.072939,132.27420777,10378.6932922287,10702.50962743861,8850.525503098792,78.46346969074499,80.91153829511694,66.91044045781165
2024-03-08,123.16288899999999,126.3137928,7207.6171232841,9505.762658259147,7763.766752474161,57.06120419245379,75.25514393594511,61.464125020511304
2024-03-09,137.266703,142.86150764,5881.257479043499,9217.314659407599,7872.488432446038,41.16754454155569,64.51923132880917,55.1057353551392
2024-03-10,122.50054899999999,125.50023954,4051.7631308281,8612.039719884751,7339.3824524079255,32.28490356416176,68.62169946010249,58.48102345708021
2024-03-11,126.811714,128.29553245,9895.1427316911,10651.935709624919,8826.20959973731,77.12772645101641,83.02655210364591,68.79592321873801
2024-03-12,126.49051899999999,125.77250412,11561.6468821821,10368.938415597884,8433.285250742647,91.92507506371258,82.44201296735606,67.0518990597215
2024-03-13,126.166349,127.0715173,9545.901421681,10281.815656250548,8454.068814281924,75.12227464117169,80.91361364621518,66.53000604630321
2024-03-14,125.83972899999999,123.99943415,8771.6072588237,10225.379979845304,8438.038095832797,70.7390910204706,82.46311807742474,68.0490048496951
2024-03-15,125.511254,122.41029625,7173.6154950806995,10057.331175591951,8351.03633452269,58.603040061515244,82.16082701941791,68.22168224695143
2024-03-16,134.706278,131.68142664,6995.8594582181,9831.187447274751,8456.842733297139,53.127154198776076,74.65887709549158,64.22198596326764
2024-03-17,120.101649,119.71483422,7374.9077358718,9002.96934385143,7557.455068335596,61.603958974030974,75.20345663517914,63.12881037321789
2024-03-18,124.514174,126.69996863,10986.870302008,10538.474007744762,8644.210660840788,86.71565132026821,83.17661102600671,68.22583110564412
2024-03-19,124.17859399999999,125.24213068,10660.5896755868,10333.477298097834,8444.37944169214,85.11983641371566,82.50799664611577,67.42443134625326
2024-03-20,123.84017899999999,123.68688831,11984.9220954516,10394.94908186632,8434.385636357067,96.89727229141253,84.04244963955404,68.19142878926442
2024-03-21,127.512001,129.11023736,10784.8468338298,10410.928288623156,8519.911814678864,83.53208122263962,80.63596273620199,65.98943653803893
2024-03-22,127.15318099999999,129.70824305,9322.8079343551,10606.268331178506,8809.070975365239,71.87521560030183,81.77019502985632,67.91450387597583
2024-03-23,136.124064,134.45830224,4159.5376799494,8342.323926116173,7047.413225089396,30.935521352373428,62.04394810240594,52.41337357146
2024-03-24,120.427401,121.7134855,3179.3864570468,8595.834860448453,7373.649778384393,26.121891456693184,70.62352068167871,60.58202793300495
2024-03-25,126.06776099999999,127.63489714,11276.4371949461,10408.223900627454,8490.125790082773,88.3491697617558,81.54685069562828,66.51884382975712
2024-03-26,125.704391,125.81403522,8211.6833025608,10025.060284211211,8255.545879161702,65.26842007890254,79.68157341652118,65.61705031339271
2024-03-27,125.339096,128.03722806,10264.9891332597,10509.956868808029,8654.372759128191,80.17191006704226,82.08516404215592,67.59262825553076
2024-03-28,124.97271599999999,126.73626673,6067.8032151605,9862.070446835476,8203.928757352312,47.877402196858135,77.81569318153984,64.73228988849759
2024-03-29,118.552976,123.21576726,5157.1829334545,10412.625046581174,8840.2487172435,41.854894451715964,84.50724512074245,71.74608342607254
2024-03-30,133.269744,140.99845877,9178.439508796602,11709.35963670494,10317.069774625557,65.09602721096894,83.04601155822222,73.17150743792882
2024-03-31,115.580953,119.65149697,6087.4180120173,8291.048083472424,6943.692900677414,50.8762377920235,69.29330842848731,58.032645445450584
2024-04-01,117.419011,120.5633402,4236.4504435095005,9955.596072789072,7919.047233529647,35.13879456625656,82.57564908432316,65.6837080027221
2024-04-02,123.135111,123.26429894,4884.399653236001,10848.354024277874,8790.39518221424,39.6254202980015,88.00888917202545,71.31339128852746
2024-04-03,122.766106,123.76868365,11248.3904831726,10025.119194514193,8638.765746409856,90.88236338508234,80.99883507579175,69.79767007007233
2024-04-04,122.398046,122.96393017,8261.2380466016,10054.662958796505,8386.785513493289,67.1842387859617,81.76920618018423,68.20524931090277
2024-04-05,122.028971,124.73357247,5691.8588987371,10157.013424461567,8234.919109248205,45.632132440575006,81.42966823871302,66.02006938612142
2024-04-06,130.386164,130.61953875,3125.9327747933,8134.805799251605,6628.879495641959,23.93158638215831,62.27862904049341,50.74952460465612
2024-04-07,115.146076,114.00475334000001,3044.434220359399,8999.734167323115,7409.33767365796,26.70444986868123,78.94174500323615,64.9914802373271
2024-04-08,120.922901,117.31465206,10272.336453571399,9545.344523581076,8109.996837446083,87.562263308062,81.36532271091897,69.13029783609865
2024-04-09,120.55473599999999,118.6933111,6549.883896547801,9473.653536814572,7695.979005506362,55.18326042003727,79.81623773923494,64.83919720650849
2024-04-10,120.18653599999999,118.39111932,9822.688988980799,10835.24452728569,9241.365979091943,82.96812333052617,91.52075417075032,78.05793231934402
2024-04-11,119.819526,120.19525185,7045.2490954390005,10012.271822176026,8228.12787258876,58.615036675752016,83.30006109285443,68.45634703488298
2024-04-12,119.45314599999999,120.19329106,7141.9919270817,9905.23350333207,8138.833212024815,59.42088667425244,82.41086849337887,67.7145383094797
2024-04-13,127.509444,128.13685688,1226.4723283258002,7913.563327439739,6257.853255107135,9.571581184283222,61.75868146079765,48.83726202967196
2024-04-14,112.507496,113.51880781,1907.0760303925,8285.45503181325,6657.298023005643,16.799648156844928,72.98750922121096,58.64489022953951
2024-04-15,118.358311,119.15100626,8184.6081085095,9592.221975238795,7954.511843495537,68.69105318884027,80.50475003381474,66.7599216588902
2024-04-16,117.994976,119.74890695,7839.2997664011,10592.422832289754,8837.111831069584,65.46447868350333,88.45527781487407,73.79701457115958
2024-04-17,117.632341,119.0191103,12688.2011031749,9806.781932629267,8570.75009551194,106.60641867674002,82.39670005858939,72.01154565773913
2024-04-18,117.27205099999999,118.57879254,11528.2370811987,9495.863211612517,8180.078873593898,97.22005794003931,80.080619883267,68.98433268187078
2024-04-19,116.91232099999999,120.34540181,7173.4405970351,9782.055212662155,8037.1126811491185,59.60710163534498,81.28316550146184,66.78371221725632
2024-04-20,124.677594,126.70509866,7192.3515873711,9197.332581352004,7959.508679192377,56.76450011432476,72.58849626905774,62.81916642163622
2024-04-21,109.91214099999999,109.65700994,5587.6876371075,7918.157977354476,6651.2836051729755,50.956045948771205,72.20840675563724,60.655343500723724
2024-04-22,115.840936,117.28162616,12126.0100671306,9691.045613036573,8413.557276068263,103.39224023537875,82.63055288656797,71.73806802943004
2024-04-23,115.486806,118.03555267,11718.1518567008,9426.562789284671,8135.026121614985,99.2764602836404,79.86206338728427,68.92013412567846
2024-04-24,115.13393599999999,115.25311822,11292.631979182599,9377.028587206996,8051.694619352199,97.98114058507942,81.36030271482745,69.86096986966362
2024-04-25,114.783621,116.61487795000001,10887.209184015399,9495.009763551143,8120.220533507351,93.36037884191258,81.42194144063023,69.63280051614846
2024-04-26,114.43439099999999,115.18558904,10222.7717564677,9364.141064350924,7939.860160580475,88.75044041245197,81.29611648814054,68.93102016280208
2024-04-27,121.920924,119.37180383,6606.9821320291,8197.711943446031,6996.860654057464,55.34792907576607,68.6737711957555,58.61401461287999
2024-04-28,107.39042599999999,106.01918556,604.5287921988001,7379.283633594087,5715.749416319686,5.7020697622382315,69.60328543004974,53.9124063831347
2024-04-29,113.39884599999999,110.76257543,9513.8721349587,9533.724853776494,8025.317865109074,85.8942842203168,86.0735209231537,72.45513959885244
2024-04-30,113.05805099999999,108.75623237,7478.3530696338,9015.625068980195,7365.45100674644,68.76252428634771,82.89754869687009,67.72440389152513
2024-05-01,106.33867599999999,102.43569001,-1414.5899540364996,8997.759557902571,6514.627430828819,-13.809541907692566,87.83813099735248,63.597242623082316
2024-05-02,112.382796,107.45129025,4396.3101473239,10055.79648005853,8024.637358622883,40.914447254149195,93.58469736996508,74.68162867055831
2024-05-03,112.048861,108.00766328,8741.818165915,8898.16845163687,7381.183371417138,80.93701780449258,82.38460291997227,68.33944136243457
2024-05-04,119.269849,114.4258403,8280.5779403627,8503.295046679696,7424.541185471042,72.36632843292041,74.3127166415023,64.88517948398271
2024-05-05,104.970106,102.78448396,4826.475612528,7261.782421475167,5985.551218644332,46.957239328129425,70.65057041392735,58.23399591103353
2024-05-06,111.060321,107.39173549,10363.7667024611,8619.121520749106,7277.475907990666,96.50432275047964,80.25870409321854,67.76569793555784
2024-05-07,110.736361,106.80177926,10206.2327733089,8486.841000071214,7142.729669869739,95.56238523388903,79.46347953071745,66.87837711468609
2024-05-08,110.41429099999999,107.65778901,10109.1796612267,8565.955376225093,7205.148461067908,93.90105215970662,79.56651771317193,66.92640195683978
2024-05-09,103.642941,99.267638,5494.4574420346,8414.463889604804,6628.970416599022,55.34993632098509,84.76542868487314,66.77876647572718
2024-05-10,109.77890099999999,105.02155064,8408.448154304499,9367.722144646177,7766.742737866409,80.06402593623424,89.19809398699026,73.95379986808399
2024-05-11,116.754469,110.88401565,5227.7081839364,7716.289662566572,6435.303606121307,47.145732892984384,69.58883674381585,58.03635058125988
2024-05-12,102.677536,98.51409291,182.17383444619992,8138.194558606605,6369.230380232712,1.8492159757551576,82.60944518914116,64.65298712186774
2024-05-13,108.847726,103.7790444,5098.2787468557,9539.79364332488,7620.657579007129,49.126283406553505,91.92408446694928,73.43156436895394
2024-05-14,108.543926,105.33251038,2428.781264779,9557.186893429423,7383.864973633149,23.058230132528625,90.73349584995833,70.10053161170228
2024-05-15,110.797573,109.15294043,4624.905752765,9606.192717150845,7635.396329243912,42.370876446805035,88.00672413686662,69.95135723476461
2024-05-16,110.487263,109.23554068,5338.2343598764,9514.04140365759,7617.294221864024,48.869024922158694,87.09657447046922,69.732746086537
2024-05-17,110.17957799999999,110.92671673,7722.225694246001,9205.501141564324,7562.020314976179,69.61556171397557,82.98723168712256,68.17131650423256
2024-05-18,113.77821899999999,112.45172493,5749.9830283036,8011.631103593224,6750.899233978756,51.13290197978647,71.2450707944265,60.03375437932249
2024-05-19,102.594782,101.53296534,4457.4584282025,7067.038847456478,5775.25343263714,43.901588151946115,69.60339259068544,56.8805748290493
2024-05-20,102.292977,100.85533113,5727.8906605071,8245.48190695401,6497.394929549187,56.79313722270162,81.75553849826531,64.42292000582704
2024-05-21,108.98387299999999,108.12205699,8612.2585683604,8639.032962113666,7131.965433513067,79.65311434240407,79.9007455334731,65.96216934878227
2024-05-22,108.693828,108.29481254,9731.9012700854,8940.654585543281,7510.275126948368,89.8648886482056,82.5584751092389,69.3502758885552
2024-05-23,108.406758,106.7504769,10326.6994642057,8674.752515988017,7321.494311166977,96.73679934825378,81.26195561743684,68.58512040208953
2024-05-24,108.12486799999999,106.63220607,11001.7255556668,8096.710530923249,6862.866420641017,103.17450947647642,75.93119217291694,64.3601654094618
2024-05-25,111.59232899999999,111.32529084,7421.8742793625,7949.306685152443,6843.356472437681,66.66835741780758,71.4061164823492,61.471714296018824
2024-05-26,100.563907,101.43406561,4935.860997168599,6973.386533800044,5732.65797662946,48.66078242536688,68.74797428126122,56.51610178646234
2024-05-27,107.301458,110.70795662,12302.8129535721,8834.50373346191,7652.330913020897,111.12853429136031,79.80007944493042,69.1217790179903
2024-05-28,107.033988,112.37819706,10059.7309576173,8791.982992412746,7403.309936284107,89.51674987494499,78.23566512389058,65.87852563902048
2024-05-29,106.771593,111.18553803,9114.8112417791,9153.254603827672,7646.264343987086,81.97838858611044,82.32414724078546,68.77031383275742
2024-05-30,106.513083,112.80592462,11259.7018564234,9128.246996286154,7819.842537730941,99.8148093227641,80.91992532338816,69.32120421930851
2024-05-31,106.258528,111.69397033,10138.010291901299,8909.510916227302,7519.806969529613,90.76595864529243,79.76716101956211,67.32509326432154
2024-06-01,109.610664,114.45615701,6223.4939436022005,8153.943103739692,6922.771292745511,54.37447933061789,71.24075555871829,60.484044489984676
2024-06-02,98.728787,101.52566311,2721.2248190024,8415.553548112519,6848.449173307165,26.80331982716562,82.89089960431502,67.4553503372549
2024-06-03,105.52072799999999,110.24182124000001,20792.880415291405,16140.935145511148,15066.465251697466,188.6115467017243,146.41390140291506,136.66741969816775
2024-06-04,105.28321799999999,107.67643255,11670.3088005677,8429.66447319451,7221.833619271906,108.3831301259776,78.28699626801028,67.06977049892897
2024-06-05,105.051098,105.71989446,9144.4678249697,9051.121232951013,7553.134234530186,86.49713350243256,85.61417204569362,71.44477653057038
2024-06-06,104.821883,104.60640492,8838.9571566336,8497.679458652681,7016.947233048502,84.49728449604383,81.23479116935015,67.0795181080438
2024-06-07,104.598058,103.93885387,8478.8936533899,8540.979456694977,7022.960301166975,81.57578554786404,82.17311562216649,67.56819071673466
2024-06-08,107.854434,107.25058631,3837.7011835809,7136.031289536341,5782.773810099134,35.782566003772736,66.53605854340192,53.918342165370056
2024-06-09,97.10730699999999,98.14796464,2382.7577912446,7653.612188051728,6124.303607599485,24.27720024540898,77.98034545214108,62.39868172572922
2024-06-10,103.95311299999999,106.21725676,10261.651843326601,8568.368617235314,7222.232409334757,96.61002511590944,80.66832903240679,67.99490619168913
2024-06-11,103.747873,107.91634152,6631.5201567809,9305.201435127814,7547.152761556302,61.450564978167726,86.22606459841202,69.9352169954501
2024-06-12,103.546343,107.097576,9681.647708889801,8544.966221587412,7141.015434605171,90.4002505984804,79.78673785844987,66.6776569677466
2024-06-13,103.34978299999999,105.96780211,10051.088090896399,8408.25337335806,7052.058859353554,94.85039692021597,79.34724704990921,66.54907168908869
2024-06-14,103.158228,106.64873201,8891.487299944,9014.98120303713,7500.346422210354,83.37171134027437,84.52966137648812,70.32757240383391
2024-06-15,106.337814,110.525727,257.5338813401001,7595.603572986183,5881.792560609831,2.3300808628935785,68.7224936596543,53.21650189742548
2024-06-16,95.71413199999999,98.39004977,2302.7049427704,8190.280618793314,6605.928629887805,23.403839597126773,83.24297668249176,67.14021026851854
2024-06-17,102.612718,105.07351681,10189.5854697197,8604.938966302096,7243.317192765493,96.9757725740264,81.89446044584234,68.93570723309163
2024-06-18,102.440693,102.66919883,9929.6854104296,8023.01220706655,6692.672036115376,96.71532965666954,78.1442954507815,65.1867562266374
2024-06-19,102.27381299999999,102.88249488,8571.3930055661,8278.540838807834,6796.877769088033,83.31245286735702,80.46598061666128,66.06447264926624
2024-06-20,102.110573,101.73489149,9520.7555854785,7851.67688650042,6500.440544420785,93.58397542906252,77.17781747742069,63.89588123814674
2024-06-21,101.953493,100.42213064,9881.9663083012,7536.387826451652,6252.078031677864,98.40426851454423,75.04708153891497,62.2579703480972
2024-06-22,105.076099,105.69300564,5224.1341226183995,7863.316460558565,6568.8890248520665,49.42743458741514,74.39769938364452,62.150650225865476
2024-06-23,94.56200199999999,94.93665879,4255.4860661172,7123.885634952337,5809.000176975677,44.824476870734834,75.03830159759868,61.18816746885092
2024-06-24,101.511338,100.54383779,9199.4748602132,8060.295283109235,6654.715937727637,91.49715251000865,80.16697452850666,66.18720832625218
2024-06-25,101.374663,100.96533214,7263.8498160274,8269.929810628913,6664.661471416803,71.94399960924449,81.9086079879548,66.00940471503115
2024-06-26,101.24194299999999,99.58362416,10290.1780753783,7348.629113942218,6117.03877335138,103.33203036319682,73.79354965165005,61.426151387332474
2024-06-27,101.115138,101.46071925,9383.9040912437,8232.929694638324,6829.268543005277,92.4880501598031,81.1440107609756,67.30948285688677
2024-06-28,100.993478,99.76917554,5823.823689407999,8774.527799945703,6983.147424308195,58.372976000719575,87.94828415142882,69.99303528882498
2024-06-29,104.080454,103.43491436,6248.24171905,6955.174186665532,5833.203292399104,60.40747225161623,67.24203553220337,56.394915860779214
2024-06-30,93.660857,93.13967439,3613.4074450473004,7143.238609452137,5769.319272305403,38.79557738109568,76.69383274351532,61.94266095614383
2024-07-01,100.65933299999999,101.24243519,9543.923427911599,8153.309855735782,7759.672180208433,94.26801528430916,80.53253401535237,76.64446401003676
2024-07-02,100.559023,102.17763789,8799.7400561232,8079.673636411788,7602.116432270591,86.1219757849229,79.07477412141796,74.40098038334668
2024-07-03,100.463613,101.36050725,9226.4218694752,8165.249639119169,7737.855540308703,91.0258060046873,80.55651910837462,76.33994491783389
2024-07-04,100.37324299999999,101.35949299,2761.7692882883002,9781.800691570625,8248.537030468555,27.24726818198245,96.50601441480853,81.37902812203633
2024-07-05,100.287808,100.09995805,4056.8320210382,9820.641798217706,8461.501967898255,40.52780940239565,98.10835078784238,84.53052461492271
2024-07-06,103.359349,100.12323266,-149.21690813169985,7219.069578849839,6074.134663108684,-1.4903325049283307,72.10184276974421,60.66658558394058
2024-07-07,93.019622,91.25729913,2354.1356020317,8216.237816870655,7257.768285670023,25.7966828349602,90.03376053422603,79.53082498454195
2024-07-08,100.064438,98.00537443,8890.6185449796,8199.579956607757,7699.845116342682,90.71562245119213,83.66459497039398,78.56553950357355
2024-07-09,100.00098299999999,100.19413188,7445.010735149101,8097.854555430412,7419.334126718393,74.3058559962953,80.82164497546633,74.04958741101069
2024-07-10,99.94291799999999,98.88684651,8127.9857665783,8316.995211943973,7714.845299788153,82.19481208510732,84.10618303115685,78.0169008525111
2024-07-11,99.88971799999999,98.90518658,9150.3310333109,7941.095608859125,7518.226740296676,92.5161899968674,80.28998158186504,76.01448417687901
2024-07-12,99.842643,99.10602473,9061.9350652677,7576.187903809377,7207.841386062116,91.43677278909762,76.4452809448225,72.728589464655
2024-07-13,102.91978399999999,104.44195563,2749.4796087534005,7869.118269601267,7002.565613820753,26.325432075341546,75.34441711795115,67.04743866179896
2024-07-14,92.645087,93.23139281,1590.838542508,7164.431849558285,6241.679677401413,17.063335584292233,76.84570222134263,66.94826162386721
2024-07-15,99.732603,101.01821668,8788.1902693588,9489.141433489218,8801.989421113132,86.9960939539999,93.93495297534704,87.13269458117237
2024-07-16,99.707053,102.45092369,5005.3166057595,9255.442296575153,8090.155210394627,48.855748933067524,90.34025232003404,78.9661519780352
2024-07-17,99.686438,103.02170251,7871.6843412903,8694.697027949444,7993.273747321546,76.40802034431745,84.39675152044275,77.58825133515595
2024-07-18,99.671493,103.55243101,9437.8238508682,8435.64976267584,7978.328569278965,91.14053391906168,81.46259513561021,77.04627010165026
2024-07-19,99.661833,102.94406307999999,8829.413865181301,8328.014557937206,7809.248314197998,85.7690438963904,80.89844434705604,75.8591421452762
2024-07-20,102.766064,104.8585803,5870.1403564748,7479.316467369771,7047.358543056553,55.98149755299328,71.32765335913832,67.20822008932494
2024-07-21,92.53952699999999,93.03491422,4634.5207179072,7051.42514713699,6519.47057947261,49.8148545281391,75.79332131658077,70.07552631322896
2024-07-22,99.666663,98.74903037,9023.8978298651,7983.647743210257,7530.281777369184,91.38214113144917,80.84785960223152,76.25676676676399
2024-07-23,99.67849299999999,97.73993572,7730.1728894318,7920.027762349751,7314.677319736267,79.08919555233568,81.03164488504076,74.83816380533493
2024-07-24,99.696168,99.35970971,6201.1961046456,8508.521398523557,7601.402225147592,62.411576309401035,85.63351708008484,76.50386909677688
2024-07-25,99.719758,98.80028567,7677.3528913513,8115.468281522207,7466.31154321641,77.70577624637855,82.14012972217965,75.56973638876333
2024-07-26,99.748318,97.98534285,9110.7303782575,7746.2961607806255,7353.703985141575,92.98054293900448,79.05566215795128,75.0490203049953
2024-07-27,102.900779,100.64339083,7631.3254969697,7254.757469053724,7068.634368069094,75.82540129098012,72.08379416893821,70.23446159528699
2024-07-28,92.70392199999999,92.93824191,3285.7583841705,6578.5546002825295,5938.164762194996,35.35421282610854,70.7841515514475,63.89366357871742
2024-07-29,99.867143,98.84458172,6746.505446127,8417.455894150913,7590.840366900195,68.25366983936487,85.15849576859247,76.79571540302528
2024-07-30,99.91824299999999,100.78117537,7539.6083320175,8409.378873315452,7694.117284315735,74.8116729571488,83.44196068801467,76.34478617726141
2024-07-31,99.974278,100.99918924,7711.573772640801,8157.700951898076,7506.30345456523,76.35282847980216,80.7699647223235,74.32043277821097
2024-08-01,100.03514299999999,101.37575546,9543.0120205865,7786.417504342683,7441.142304250211,94.13505208700421,76.80749178155307,73.40159656996367
2024-08-02,100.102133,101.20864072,9588.7280728434,7917.245184699595,7562.950328514407,94.74218806446785,78.22696884748355,74.7263304270411
2024-08-03,103.32235399999999,105.51633187,7208.0646962972,7415.8051642284545,7157.344760044224,68.31231306616876,70.28111224871803,67.83162978847992
2024-08-04,93.139357,94.12878224,5044.0574156252005,6642.912382764602,6212.232214483547,53.58677012058198,70.5725945314705,65.9971590692019
2024-08-05,100.334988,98.67222622999999,10159.4918310098,7927.34205848302,7637.998574190342,102.9620210182401,80.34015610436097,77.40778602062298
2024-08-06,100.422418,98.15000837,8426.2797972354,8110.497765505535,7551.289508348775,85.85103493288068,82.63369407907811,76.93620850119929
2024-08-07,100.51674299999999,97.45613129,8985.8215051778,7506.630897634189,7122.861859959743,92.20375759056873,77.0257427446686,73.08787826559889
2024-08-08,100.615023,99.38616321,9355.9325014485,7890.660058465016,7502.849352290391,94.13717361922598,79.39394985791218,75.49189052038454
2024-08-09,100.719183,98.17473606,4829.3447390795,8888.270563193231,7739.262829761233,49.19131879435887,90.5352122134672,78.83151144945623
2024-08-10,104.02879399999999,103.71755437,4110.7003669176,7000.225340631157,6409.760421213102,39.633602931410884,67.49315854150097,61.80015003387996
2024-08-11,93.842297,93.00152353,3894.8416646469,6270.988555982355,5744.079765330093,41.879331830413726,67.42887985011868,61.76328674311657
2024-08-12,101.06396799999999,101.95542394,9264.9767977523,8218.52127483168,7761.168703246199,90.87281911754562,80.60896573455689,76.12315660433708
2024-08-13,101.19000299999999,101.62703741,10250.3883974701,7882.211195253398,7618.368836952639,100.86280835006878,77.56017882774368,74.96399610880519
2024-08-14,101.32069299999999,101.41825947,11212.0235531557,7728.537568108226,7616.955625789758,110.55231682882774,76.20459677080501,75.10438125831661
2024-08-15,101.456108,99.11637518,8089.7913960086,7909.569601874364,7334.594839101511,81.61912076906725,79.80083601231595,73.99982924901704
2024-08-16,101.59764799999999,98.62430658,11050.6018830432,7659.739652051894,7531.125818859454,112.04744820263355,77.6658403761615,76.36176192276204
2024-08-17,105.013694,103.95359888,9338.8613482074,7654.889884905046,7630.623131007437,89.8368257455696,73.63756490760414,73.4041265835917
2024-08-18,94.805917,93.40275465,7855.1322091189,6698.1100342392065,6608.607038325,84.09957756121597,71.71212518665483,70.75387726078162
2024-08-19,102.05184299999999,101.74887266,11432.9761539701,7773.128288333848,7692.538892076396,112.3646469496923,76.3952276337078,75.60318547981832
2024-08-20,102.212808,102.40196037,9407.6366525003,8029.242354791915,7632.018495836103,91.86969290928135,78.40906878911849,74.53000380324754
2024-08-21,102.379933,104.4086586,5176.4363295497,9310.259935194092,8151.8765256239985,49.57861157263925,89.17133942753377,78.07663305832375
2024-08-22,102.55094299999999,103.13552977,6121.7049117303,8788.830167170892,7833.521154830215,59.3559263755387,85.21631863210132,75.95366186899469
2024-08-23,102.72797299999999,100.73917052,3902.5518992965003,9630.552822395166,8264.813799670634,38.739170465193745,95.59888941594161,82.04170986329294
2024-08-24,106.270894,105.94029098,3886.9316425660995,6780.4533144998995,6189.493604448112,36.68983355256119,64.00259289244308,58.42435911013874
2024-08-25,96.024897,92.72660564,2502.5187270741003,8341.694826847492,7386.063545216177,26.988141211486067,89.96010119504565,79.65419950657623
2024-08-26,103.28783299999999,100.63087805,9498.406132908802,7178.759968481671,6907.018533779624,94.38858446797386,71.33754676089374,68.63716850754065
2024-08-27,103.48446299999999,98.96968022,9200.5530238959,8156.582059942397,7705.912886149619,92.96335002239032,82.414958215598,77.86134974893444
2024-08-28,103.685783,98.59134964,8974.8602140805,7127.35650829064,6792.14411932073,91.03090937340473,72.29190526669657,68.89188700754994
2024-08-29,103.891513,99.44459068,11229.887945474,7169.251310128998,7132.6693438709235,112.9260814357449,72.09292391980107,71.725061112906
2024-08-30,104.102633,100.01416184,10717.1480252811,7266.189996486374,7157.138926452082,107.1563049483543,72.65161115993385,71.56125487410355
2024-08-31,107.789649,104.05025013,7773.5402644308,7585.256250472812,7375.82361710569,74.70948176211559,72.89993287854494,70.88713009233868
2024-09-01,97.488072,94.90903173,5229.3664965754,6874.99600881983,6438.525158946204,55.098723496116314,72.43774257836726,67.83890891714826
2024-09-02,104.763713,103.31708139,12373.885643780599,7734.452907336179,7789.9919518535135,119.76611686379151,74.86131821842959,75.3988773884151
2024-09-03,104.99404799999999,104.62349068,18238.2244128802,7972.509043018732,8786.433493973196,174.32246137402726,76.20190256701854,83.981459965308
2024-09-04,105.227988,104.7241612,13729.963252722,7646.198429389083,7898.621646671665,131.10597492875408,73.01274454503898,75.42310729600445
2024-09-05,105.46672299999999,103.81378787,5779.786980250003,8210.7579448493,7289.970638421868,55.67456017969112,79.09120853129025,70.22160339193746
2024-09-06,105.710043,102.75502833,8033.5341319455,8534.759735186008,7893.481476546423,78.18142102151567,83.05929037143021,76.81844484725688
2024-09-07,109.556484,108.90866077,8016.1953262195,7788.866645032996,7584.26773554925,73.60475530177159,71.51742193838929,69.63879348003528
2024-09-08,99.183472,99.07712286,6080.884525403099,6951.769459569873,6611.211871004196,61.375263530771235,70.16523349585964,66.72793557344319
2024-09-09,106.466883,106.57113986,10937.8330719003,8171.546718547456,7980.261983166347,102.6341004353437,76.67691956079503,74.88201771745923
2024-09-10,106.728473,107.89991258,6087.9799403129,9063.454111816935,8076.600838743001,56.422473334249474,83.9987159868831,74.85270975316855
2024-09-11,106.99349299999999,109.0280574,9529.5972935345,9115.491542664506,8611.337238107617,87.40499941746647,83.60684176204084,78.98276318465908
2024-09-12,107.262993,109.06192406,12840.7253595659,8513.784460340365,8529.227651901721,117.73793164057535,78.06376545912154,78.20536567106042
2024-09-13,107.53711299999999,110.54836824,10068.592762446398,8521.972957413836,8163.378822794701,91.07861945630468,77.08818405091853,73.84440813338865
2024-09-14,111.558309,115.60603397,6182.5706138052,8651.871317504754,8113.430099004751,53.47965328011849,74.83927110370323,70.1817182060774
2024-09-15,99.081391,102.31055433,5978.72490468,7573.934531684456,7143.705655959442,58.4370297261393,74.02886809952108,69.82374108655112
2024-09-16,105.929321,109.14284804,11227.2983182191,8769.202561813436,8535.666471351718,102.86792510769357,80.34610347165938,78.20637471567045
2024-09-17,106.20799099999999,109.56564225,10169.6983556949,8997.81246766226,8582.7636649187,92.8183155490507,82.12257312499128,78.33444397957427
2024-09-18,106.489496,107.93486699,8408.075987679,8881.862866482497,8234.205791100983,77.89953536013525,82.2890981771941,76.28865463709582
2024-09-19,106.77460599999999,108.19435632,8390.4849391644,8850.307456821962,8205.860038108232,77.55011651761542,81.8000841989016,75.84369755699872
2024-09-20,107.06475599999999,107.44927664,7733.5276061587,8821.466710659455,8090.2996697131075,71.97375215534723,82.09889341754302,75.29412875266712
2024-09-21,114.396974,114.55359851,7382.6124538638005,8145.323017520071,7818.157399623411,64.44679652048934,71.10490742732121,68.24890270855107
2024-09-22,101.134666,101.8535872,7084.8078746111005,7198.472215204353,6951.658421321803,69.55874672042086,70.6747048689548,68.25148345213906
2024-09-23,107.953406,108.68252432,14093.9963762471,8470.836773364384,8666.879174714873,129.68042897816179,77.94111175061805,79.74491970021325
2024-09-24,108.257661,108.15917273,10135.7070154386,8450.590265257293,8111.321011460854,93.71102570043298,78.13105492543548,74.99429596886169
2024-09-25,108.56440099999999,110.2635651,8916.809209744,9311.92751852807,8696.030271032201,80.8681380985386,84.45153673457698,78.86585440209208
2024-09-26,108.874256,109.7875631,6156.609342632801,9313.737117315752,8318.615693769865,56.07747516014226,84.83417296394796,75.77010964523235
2024-09-27,109.187681,110.13642507,2038.5936800060997,10235.724319863735,8570.105566217217,18.509713554897207,92.93677648750776,77.81354407291019
2024-09-28,116.797799,120.49232238,3996.1664218459,9075.662421448698,8214.079421044346,33.16531993833664,75.32149967884699,68.17097769216676
2024-09-29,103.365461,107.17206234,5941.9596825831995,7935.609378313308,7456.053682487063,55.44317756741976,74.04550407118076,69.5708706139569
2024-09-30,110.147976,114.31587644,4166.6838572232,9809.191717415637,8494.704053680929,36.44886420837732,85.80778123644185,74.30904891097495
2024-10-01,110.473686,115.484791,9632.1834864744,10563.913994211136,14536.985545561443,83.40651096190146,91.47450415536653,125.87792227602891
2024-10-02,110.803141,114.46971551,11506.3672140173,9205.72835636095,12964.152995066615,100.51887665442928,80.4206450181729,113.25399855592438
2024-10-03,104.711806,106.877189,7984.5405812623,8855.430604255433,12857.370171875835,74.70762148565022,82.85613316659584,120.30041482355823
2024-10-04,111.469821,114.77251614,11637.0839818821,9299.617871359242,13055.19977899721,101.3926014106647,81.02652258677965,113.74848455071267
2024-10-05,119.371979,121.3008309,10516.8923477689,9602.614690068074,12244.090735203534,86.70090938156056,79.16363489698136,100.93987522062007
2024-10-06,105.75267099999999,106.44812502,5392.0808889637,7749.210523932509,10587.458251636403,50.65454077233027,72.7979992364971,99.46119999433694
2024-10-07,112.49129599999999,112.04198171,10572.1991539523,9528.530012656358,13360.895097911753,94.35926598760533,85.04428310915813,119.24900732739594
2024-10-08,112.83769099999999,114.64913863,11121.5836690877,9258.55111663528,13040.278475468669,97.00538357274269,80.75552269533244,113.74074529729128
2024-10-09,113.18587099999999,115.29527428,10112.5351725926,9467.742929238393,13348.104095914125,87.70988434472892,82.11735466490616,115.77321082126598
2024-10-10,113.536221,113.95495038,7251.3324887678,9747.826943106536,13866.69798777507,63.63332584137096,85.54105732660963,121.68578847636255
2024-10-11,113.88944099999999,112.25494794,11312.2244357064,9115.30065565693,12882.446683113605,100.77261308564105,81.20177170746217,114.76061340297662
2024-10-12,122.096834,122.71069033,6358.8325011042,8560.530103090196,11389.42875869182,51.819710931490114,69.7618934427699,92.81529366400574
2024-10-13,108.274316,109.60318157,1039.3638216427998,8328.682578954064,11463.596256667826,9.48297126738964,75.98942347886866,104.59182016852675
2024-10-14,114.963381,118.25012708,14291.7040316736,10263.336729046692,13866.739381820158,120.85994649295222,86.79345200283139,117.26616896097596
2024-10-15,115.324896,116.84408674,11307.1426805996,9103.881076177071,12868.613691837529,96.7712016591829,77.91477797618388,110.13491611665901
2024-10-16,115.68931599999999,119.45182859,4709.0726214203005,10196.74767795167,14524.057101035794,39.42235691998878,85.36284289921115,121.58924038649405
2024-10-17,116.055381,119.30223959,9883.060380245,10424.93204109611,14374.430666226814,82.8405268351174,87.38253428370624,120.48751738128887
2024-10-18,116.423546,119.67868104,12839.1545653601,9639.804903017137,13327.966154196549,107.2802144357598,80.54738587731629,111.36458087921244
2024-10-19,124.944609,127.27656421,11101.2560294106,10230.985971893097,12875.109027553131,87.22152501770931,80.3838949880237,101.15852126798333
2024-10-20,110.90645599999999,116.03692951,3380.1671769001,7780.487997625751,10741.631510373358,29.13009841930365,67.05182591853426,92.57080100044918
2024-10-21,117.537176,122.54353138,12141.7953831244,10858.008948112012,14653.25502304088,99.08148758561097,88.60532111190749,119.57591606856857
2024-10-22,117.912166,123.53838786,13008.0802911414,9811.955175433763,13506.223350674027,105.29585593979759,79.42434206404872,109.32814961111495
2024-10-23,118.288766,122.69215953,14447.4095336911,9939.149584294571,13527.926294734714,117.75332335036862,81.00884051897633,110.25909354400875
2024-10-24,118.666101,123.85967607,13163.9446575197,10050.20221166908,13745.180336996073,106.28111646344063,81.14184156261761,110.97381143825942
2024-10-25,119.04466099999999,122.63264502999999,14565.9762583478,9950.779740272397,13530.86054537726,118.77731459502061,81.14299204618891,110.33653022869372
2024-10-26,127.887339,135.28136871,13465.1206201635,10886.986749543514,13428.38360634261,99.53418381675611,80.47661591066344,99.26262377732716
2024-10-27,115.76438399999999,120.43536159,10715.2876736792,9279.770296441773,12002.247194603671,88.97127498281961,77.05187391750474,99.6571690917748
2024-10-28,120.18842599999999,121.70700311,14006.7404966398,9674.892569039323,13282.129522000598,115.08573984013368,79.49331034217528,109.1320070546481
2024-10-29,120.57157099999999,122.32798178,18119.2444788406,9560.239741792053,12834.4813095554,148.12019470268905,78.15251754079951,104.91860588885945
2024-10-30,120.95566099999999,122.96209371,15829.2726627738,9695.524839557116,13165.625802895347,128.73294675761096,78.84970519795743,107.07060530333699
2024-10-31,121.340696,124.30603884,13344.3813302485,9750.146207688016,13412.789162332148,107.35103020557726,78.43662543408593,107.90134805595699
2024-11-01,118.016319,121.35302861,9607.1507716107,10098.742726755141,14068.714117635414,79.16696337662752,83.21788786343453,115.93212199795147
2024-11-02,127.029168,132.42051593,14708.1400804882,11598.752784900678,14108.19531105579,111.07146031860503,87.5903005168172,106.5408574492615
2024-11-03,113.69458399999999,117.42586436,10730.207736594,9025.330467216534,11619.252783357091,91.37857145081524,76.85981718258424,98.94968920761104
2024-11-04,119.11685899999999,122.45629804000001,16640.249877037,10160.258830481347,13593.38429979824,135.88725237799946,82.97048819132624,111.00600391625426
2024-11-05,119.484534,122.65484828,22920.0439429182,10815.917227804704,13800.078137311382,186.86618804171255,88.18173418725218,112.51147696834755
2024-11-06,119.85231399999999,123.2436329,33708.331072332,12098.241424301188,14327.613032961268,273.50971631680943,98.1652450485431,116.25438731254138
2024-11-07,120.219954,122.36398862,21366.1124591759,10181.878820199803,13248.689208838568,174.61111475802022,83.20976567558216,108.27277991061753
2024-11-08,120.587839,121.04816525,14177.8316385195,9588.445976852861,13177.117288989226,117.1255393193124,79.21182412843604,108.85846358575209
2024-11-09,129.935148,133.71978286,16052.8120820679,12130.162578302148,14590.688244294011,120.04814649508248,90.7132985027504,109.11390919300219
2024-11-10,116.399174,117.99907132,13895.95100886,10005.450769898831,12467.910180106253,117.76322350178306,84.79262300942345,105.66108733427829
2024-11-11,121.692334,122.83497915,15566.2120451995,9791.887140097135,13287.323344252238,126.72458735219723,79.71578786316043,108.17214637230016
2024-11-12,122.059764,122.34564696,21943.403995684,9852.436369431914,12848.600818652354,179.3558213220143,80.5295211905095,105.01886366952728
2024-11-13,122.426284,122.63466582,19571.286111668902,9758.857696603869,12934.891175042132,159.59016140179426,79.57666481456124,105.47499835020248
2024-11-14,122.792279,122.75081879,15775.705486107001,9939.940476466509,13429.1391625494,128.51812836455136,80.97657167950618,109.40162595187036
2024-11-15,123.158379,121.88345236,15637.9582075856,9574.122895677421,13049.52391562115,128.3025538314806,78.55145805518288,107.06559145598811
2024-11-16,132.834093,133.00022859,12921.8621096917,11119.790409969231,13707.866584102916,97.15669098228351,83.6073029938033,103.06648890326478
2024-11-17,119.093579,120.66584762,7815.3181726542,9267.656818225174,12051.482326551033,64.76826978637851,76.80430710942181,99.87484084563408
2024-11-18,124.251814,122.5417095,14053.3931522882,10386.655737082157,14030.473929713457,114.68252899057362,84.76016679922486,114.49549697781437
2024-11-19,124.61430899999999,123.34555103,16076.2130429035,9873.698549064356,13329.3131727022,130.334762045803,80.04908540773299,108.06480705137274
2024-11-20,124.975684,123.36214113,15022.326173655,10166.786136677109,13732.67774798268,121.77420103161434,82.41415108029999,111.32003402495322
2024-11-21,125.33632399999999,124.13497599,16324.5359619429,10197.574855154999,13658.057332692977,131.50633680597775,82.14908629761598,110.02585873777618
2024-11-22,125.69524899999999,127.79955142,14716.925601724,10366.02697951886,13970.403771410129,115.15631657703044,81.11160692146707,109.31496719810731
2024-11-23,135.69110799999999,133.99209946,10268.8735926417,10399.447041089823,13103.769773230935,76.63790353331405,77.61238970805378,97.7950925915803
2024-11-24,121.741959,119.25892805,633.1229601847001,8358.696700151599,11519.850652855992,5.308809751495164,70.08864524295545,96.59528926862589
2024-11-25,126.76348399999999,124.92047439,8528.082993108399,11055.555682704167,15142.379866155788,68.26809644097125,88.50075007071199,121.21615724001725
2024-11-26,127.11614399999999,125.2923381,15197.4210081365,10545.14268018599,14120.555237862778,121.2956932450804,84.16430597511525,112.70086784231525
2024-11-27,127.467649,123.68546792,15288.3770442837,9648.36635566096,13148.004755996117,123.60689821840874,78.00727537289622,106.30193649346317
2024-11-28,127.81649399999999,125.19265807,13726.1283945681,11059.386048056534,14770.78692110356,109.64004284415223,88.33893471510773,117.9844501172317
2024-11-29,128.164009,125.19609198,17056.7076177569,10197.445138205043,13613.747542107581,136.239936470874,81.45178477163711,108.73939694764888
2024-11-30,138.464403,136.47656667,14798.4245949867,11954.488332840298,14479.897457409119,108.43198181244735,87.59370655730386,106.09804899636342
2024-12-01,124.308264,124.42194086,11898.2391717255,10071.221047947016,12657.796721104693,95.62814315132279,80.94409216200211,101.73283452753151
2024-12-02,129.19129400000062,128.7337511,15403.575626500775,11008.733332219197,14590.743808953157,119.65452334668103,85.51551740046513,113.34046964590591
2024-12-03,129.529569,127.06635257,19679.1493235786,10853.99175619214,14115.054243238883,154.87301654257755,85.419873449289,111.08412225386728
2024-12-04,129.865324,126.43570557,25162.7998811823,10802.175785412745,13622.072289923943,199.01656551638527,85.43611740618806,107.73912502415865
2024-12-05,130.19733399999998,125.88354636,13465.6961766035,9825.681313847626,13485.393893141332,106.96946952935764,78.05373774383732,107.12594523335076
2024-12-06,130.527559,126.67161133,13111.1407117916,11452.792572070966,15223.834614889383,103.50496511515087,90.41325401817612,120.18347643205418
2024-12-07,141.113168,134.93083739,9881.7183955606,10487.986771738832,13220.922049779827,73.23543369851609,77.72861248481452,97.98295412312959
2024-12-08,126.752804,123.73807968,12767.169719199,10468.409446149988,13026.61032884412,103.17898703629696,84.60135694058306,105.2756787767544
2024-12-09,131.498844,131.45084243,14546.022703066,11359.066871908533,15028.313484210266,110.65750842039698,86.41303974873685,114.32649046896083
2024-12-10,131.816574,135.09767598,22251.9672663377,12319.253542451968,15478.049953332868,164.71021507158943,91.18775325399176,114.56932801437868
2024-12-11,132.130664,137.47876906,46226.8676719446,19560.023849411307,21389.26740885732,336.24732013544406,142.27668739799893,155.58233140363936
2024-12-12,132.441324,139.51963309,63310.5672670531,18038.983151664732,18383.485213203017,453.77532799425666,129.29351054147565,131.762711856792
2024-12-13,132.748519,137.21761411,26286.5450304755,12606.253425916111,15485.861164531818,191.56829974760373,91.87051901230664,112.85621940720841
2024-12-14,143.595053,145.20978462,14821.1336390868,12294.869005808634,14839.385742277913,102.06704512283575,84.66970072287567,102.1927398426432
2024-12-15,129.035539,129.16675059,5825.0676662808,9030.683157478763,11919.966410456393,45.09726876052399,69.91492095472682,92.28355096036015
2024-12-16,133.646129,132.1926178,8046.9223813267,11262.219406883167,15391.807749971449,60.87270617109075,85.19552448777641,116.4346996536402
2024-12-17,133.937294,133.77128183,13177.719870573499,11639.364337738012,15425.784119802212,98.50933391907006,87.0094401317737,115.31461692507139
2024-12-18,134.224784,131.78643933,7791.6856780267,10676.18049780463,14810.115304956335,59.12357688423404,81.01122203530308,112.3796604586231
2024-12-19,134.507619,132.99584039,8435.3183927024,11389.575983048602,15510.244840465948,63.42543020869286,85.63858801635864,116.62202964380957
2024-12-20,134.785099,131.27605033,11567.2178599664,11376.485682902206,15265.865555449473,88.11369500292612,86.66078583491921,116.28827586657536
2024-12-21,145.862178,141.5130704,3413.0524793883,9223.548975449406,12269.513060974545,24.11828440822453,65.17807118012617,86.70233093164902
2024-12-22,131.112824,126.56794881,3530.6855186436,9256.987833515654,12297.88772824677,27.895573498972944,73.1384834829864,97.16431248094246
2024-12-23,135.592094,131.37705223,8959.6499239733,11234.380989860094,15318.9293488625,68.19798261486157,85.51250617339333,116.60277871088066
2024-12-24,146.756218,140.92614219,15424.7488995792,12086.93707849958,15758.3301192776,109.4527151590028,85.76788444406348,111.81977931413067
2024-12-25,131.929689,129.93863606,13312.544613438,10666.062553444763,14399.713875597017,102.45255004285906,82.08538181453314,110.81933989939573
2024-12-26,132.190299,131.63729171,15348.193252869,10837.22807651536,14432.508722541044,116.5945687083978,82.32642844392471,109.63845073883923
2024-12-27,136.597259,135.45001052,17094.4859368274,11415.324684059977,14922.951465116987,126.20512815909525,84.27703061990117,110.1731288748296
2024-12-28,147.866908,145.54569491,18374.3438352858,13591.130541108845,15999.894206882602,126.24450243373947,93.38050534241559,109.93038452134455
2024-12-29,132.939614,126.45262463,13239.5138567333,10285.953871974549,12804.769245775564,104.69939944285125,81.34235174691881,101.26139558781227
2024-12-30,137.293164,134.58002587,10861.287604428,10710.722447678136,14619.102049318388,80.7050491647227,79.58627127939738,108.62757645358141
2024-12-31,148.63410800000085,146.04028646,9165.115288180874,10918.163294461792,14956.421046543564,62.75744529363938,74.76131113624078,102.4129807540475
