month,forecast_mwh,total_actual_mwh,total_cost_unhedged_eur,total_cost_coarse_cal_eur,total_cost_granular_eur,price_unhedged_eur_mwh,price_coarse_cal_eur_mwh,price_granular_eur_mwh
2024-01,4266.445155,4283.25215969,348628.0857603622,349149.1329050083,343131.5772577214,81.3933134829947,81.51496103612025,80.1100576069179
2024-02,3898.3465619999997,3933.599869,255218.5253799088,310906.7652112341,250244.69369957095,64.88166917821015,79.03873692427004,63.617221383319844
2024-03,3930.2379809999998,3967.7012228,264264.1709651296,311210.2899846023,259318.72530960085,66.60384845677439,78.43591856066767,65.35742253460306
2024-04,3548.4409419999997,3556.84729529,225102.7400938639,282011.0209542224,235291.67940150725,63.28715331466334,79.2867946081529,66.151751781158
2024-05,3367.8413649999998,3325.24083839,220875.7040354894,267863.60082308966,220443.09320151067,66.42397190768052,80.55464666817416,66.2938728095989
2024-06,3073.3907249999997,3108.63643799,231564.20517682921,251713.65825759136,209224.7950914332,74.49060377306628,80.97236948697218,67.30436294657697
2024-07,3081.666338,3088.11319061,206705.0161856004,252426.74220080648,231250.18553185515,66.93569938243411,81.74141510368155,74.88397324133574
2024-08,3143.9876289999997,3103.68760856,248033.2021183822,240246.13249022985,226404.24935604836,79.91564661156757,77.40667321918247,72.94685480962171
2024-09,3199.165649,3230.8580427,254950.8958371334,253594.09262084521,239856.8465931892,78.91120329882186,78.491251942756,74.23936410178607
2024-10,3591.359306,3678.99003678,334756.0306150016,296381.51284017623,405264.35451548,90.99128490926644,80.56056414319112,110.1564153378854
2024-11,3726.491235,3735.99938917,454729.1089363746,309217.1436495764,404930.3880923418,121.71552015092767,82.76691493739054,108.3860959041276
2024-12,4172.627113000001,4125.07390821,492380.14564232883,356750.39128516335,456650.59576652694,119.36274515284701,86.48339380662603,110.70119128233561
