Type,Period,Base Price,Peak Price,Peak - Base,Base Activity,Peak Activity,Status
YEAR,CAL,77.26,86.6,9.33999999999999,5000,1400,Usable
QUARTER,Q1,66.42,77.7,11.280000000000001,3000,840,Usable
QUARTER,Q2,66.23,64.76,-1.4699999999999989,2200,616,Usable
QUARTER,Q3,74.74,69.07,-5.670000000000002,1600,448,Usable
QUARTER,Q4,101.39,134.42,33.02999999999999,1400,392,Usable
MONTH,M01,75.32,88.68,13.360000000000014,900,252,Usable
MONTH,M02,60.09,70.59,10.5,800,224,Usable
MONTH,M03,63.45,72.79,9.340000000000003,650,182,Usable
MONTH,M04,67.11,72.56,5.450000000000003,10,3,Illiquid
MONTH,M05,60.96,52.4,-8.560000000000002,8,2,Illiquid
MONTH,M06,79.64,80.57,0.9299999999999926,7,2,Illiquid
MONTH,M07,59.45,49.47,-9.980000000000004,6,2,Illiquid
MONTH,M08,84.8,74.16,-10.64,5,1,Illiquid
MONTH,M09,73.06,76.62,3.5600000000000023,4,1,Illiquid
MONTH,M10,91.85,111.59,19.74000000000001,3,1,Illiquid
MONTH,M11,106.66,140.84,34.18000000000001,2,1,Illiquid
MONTH,M12,112.07,159.75,47.68000000000001,1,1,Illiquid
