Market,Direction,timestamp_local,Price EUR/MWh
Day-Ahead,Highest,2024-12-12 17:00:00+01:00,936.28
Day-Ahead,Highest,2024-11-06 17:00:00+01:00,820.11
Day-Ahead,Highest,2024-12-12 16:00:00+01:00,818.98
Day-Ahead,Highest,2024-11-06 18:00:00+01:00,805.08
Day-Ahead,Highest,2024-12-12 18:00:00+01:00,674.18
Day-Ahead,Lowest,2024-05-12 13:00:00+02:00,-135.45
Day-Ahead,Lowest,2024-05-12 14:00:00+02:00,-132.85
Day-Ahead,Lowest,2024-05-01 14:00:00+02:00,-120.07
Day-Ahead,Lowest,2024-05-01 13:00:00+02:00,-120.0
Day-Ahead,Lowest,2024-05-12 12:00:00+02:00,-100.06
reBAP,Highest,2024-06-03 09:00:00+02:00,14999.99
reBAP,Highest,2024-06-03 08:00:00+02:00,14129.27
reBAP,Highest,2024-08-26 19:45:00+02:00,13194.36
reBAP,Highest,2024-06-03 09:30:00+02:00,12125.64
reBAP,Highest,2024-06-03 09:45:00+02:00,11871.49
reBAP,Lowest,2024-04-07 14:15:00+02:00,-5734.46
reBAP,Lowest,2024-04-10 15:30:00+02:00,-4599.81
reBAP,Lowest,2024-06-28 14:00:00+02:00,-3518.42
reBAP,Lowest,2024-12-19 04:00:00+01:00,-3226.21
reBAP,Lowest,2024-04-07 14:00:00+02:00,-3185.74
