Period,Base Activity,Peak Activity,Activity Eligible,HPFC Base Mean,Base Quote,HPFC Peak Mean,Peak Quote,Base Difference,Peak Difference
CAL,5000,1400,True,77.25942850637523,77.26,86.60442748091603,86.6,-0.0005714936247755986,0.00442748091603562
Q1,3000,840,True,66.42421896472744,66.42,77.70184615384616,77.7,0.004218964727442653,0.0018461538461593818
M04,10,3,False,62.107517966602586,67.11,59.18321548515172,72.56,-5.002482033397413,-13.376784514848282
M05,8,2,False,60.633737997539484,60.96,59.4387709171618,52.4,-0.32626200246051695,7.0387709171617985
M06,7,2,False,76.13528610260661,79.64,77.01387641159705,80.57,-3.504713897393387,-3.55612358840294
M07,6,2,False,64.75916738722053,59.45,54.72600339160458,49.47,5.309167387220526,5.25600339160458
M08,5,1,False,70.08240899999839,84.8,66.37868190151092,74.16,-14.717591000001605,-7.781318098489081
M09,4,1,False,89.86637106654042,73.06,87.59956762665973,76.62,16.80637106654042,10.97956762665973
M10,3,1,False,93.3617885962669,91.85,109.43911670443083,111.59,1.5117885962669106,-2.150883295569173
M11,2,1,False,114.47732302307755,106.66,166.7027276516928,140.84,7.817323023077549,25.862727651692808
M12,1,1,False,96.76385069780294,112.07,129.72104705057015,159.75,-15.306149302197056,-30.02895294942985
