Strategy,Period,Load Type,Position MW,Notional MWh,Price EUR/MWh,Futures Cost EUR
COARSE_CAL,CAL,BASE,4.391976066199871,38579.117765499665,77.26,2980622.638562504
COARSE_CAL,CAL,PEAK,1.8844468387568893,5924.7008610516605,86.6,513079.09456707374
GRANULAR,M01,BASE,5.0436546177747905,3752.4790356244444,75.32,282636.72096323315
GRANULAR,M01,PEAK,2.3309758699770224,643.3493401136582,88.68,57052.21948127921
GRANULAR,M02,BASE,4.933091407048532,3433.431619305778,60.09,206314.90600408422
GRANULAR,M02,PEAK,2.2172296216150458,558.7418646469915,70.59,39441.58822543114
GRANULAR,M03,BASE,4.650887451306906,3455.609376321031,63.45,219258.41492756942
GRANULAR,M03,PEAK,1.9713732300475868,496.78605397199186,72.79,36161.056868621294
GRANULAR,Q2,BASE,3.999984836650899,8735.966883245565,66.23,578583.0866773538
GRANULAR,Q2,PEAK,1.678230158011801,1309.019523249205,64.76,84772.10432561852
GRANULAR,Q3,BASE,3.8482500950663714,8496.936209906547,74.74,635061.0123284153
GRANULAR,Q3,PEAK,1.541214159266838,1220.6416141393356,69.07,84309.7162886039
GRANULAR,Q4,BASE,4.656148773243387,10285.432640094641,101.39,1042840.0153791957
GRANULAR,Q4,PEAK,2.134827251087972,1690.783182861674,134.42,227275.0754402662
